﻿{
  "defaultlang": "En", // Default language
  "KeyToOpenMenu": "0xD8F73058", // Key for opening the Menu, U
  "AutoScenarioActivated": true, // Leave it set to true if you want to start and stop sceneries with the keys bellow
  "AutoScenarioKey": "0x1F6D95E5", // Key to start sceneries, F4
  "StopAnimationKey": "0x26E9DC00", // Key to stop sceneries, Z
  "chatCommandsEnabled": true, // Enable/Disable the chat commands

  // Walk Style List
  "WalkStyleList": [
    {
      "Name": "Normal",
      "Style": "MP_Style_Default"
    },
    {
      "Name": "Casual",
      "Style": "MP_Style_Casual"
    },
    {
      "Name": "Crazy",
      "Style": "MP_Style_Crazy"
    },
    {
      "Name": "Flamboyant",
      "Style": "MP_Style_Flamboyant"
    },
    {
      "Name": "Gunslinger",
      "Style": "MP_Style_Gunslinger"
    },
    {
      "Name": "Refined",
      "Style": "MP_Style_Refined"
    },
    {
      "Name": "Silent",
      "Style": "MP_Style_SilentType"
    },
    {
      "Name": "Greenhorn",
      "Style": "MP_Style_Greenhorn"
    },
    {
      "Name": "Veteran",
      "Style": "MP_Style_Veteran"
    },
    {
      "Name": "Easy Rider",
      "Style": "MP_Style_EasyRider"
    }
  ],

  // Animation List
  "AnimationsList": [
    {
      "Name": "Knock on door",
      "Anim": "WORLD_HUMAN_KNOCK_DOOR",
      "Type": "scenario"
    },
    {
      "Name": "Pee",
      "Anim": "WORLD_HUMAN_PEE",
      "Type": "scenario"
    },
    {
      "Name": "Sit on the floor",
      "Anim": "WORLD_HUMAN_FIRE_SIT",
      "Type": "scenario"
    },
    {
      "Name": "Hands on waist",
      "Anim": "WORLD_HUMAN_BADASS",
      "Type": "scenario"
    },
    {
      "Name": "Hands on waist 2",
      "Anim": "WORLD_HUMAN_STERNGUY_IDLES",
      "Type": "scenario"
    },
    {
      "Name": "Vomit",
      "Anim": "WORLD_HUMAN_VOMIT",
      "Type": "scenario"
    },
    {
      "Name": "Kneel vomit",
      "Anim": "WORLD_HUMAN_VOMIT_KNEEL",
      "Type": "scenario"
    },
    {
      "Name": "Kneel face wash",
      "Anim": "WORLD_HUMAN_WASH_FACE_BUCKET_GROUND",
      "Type": "scenario"
    },
    {
      "Name": "Kneel observer",
      "Anim": "WORLD_PLAYER_DYNAMIC_KNEEL",
      "Type": "scenario"
    },
    {
      "Name": "Impatient",
      "Anim": "WORLD_HUMAN_WAITING_IMPATIENT",
      "Type": "scenario"
    },
    {
      "Name": "Waiting",
      "Anim": "WORLD_HUMAN_STAND_WAITING",
      "Type": "scenario"
    },
    {
      "Name": "Inspect ground",
      "Anim": "WORLD_HUMAN_CROUCH_INSPECT",
      "Type": "scenario"
    },
    {
      "Name": "Inspect",
      "Anim": "WORLD_HUMAN_INSPECT",
      "Type": "scenario"
    },
    {
      "Name": "Cross arms",
      "Anim": "WORLD_HUMAN_STARE_STOIC",
      "Type": "scenario"
    },
    {
      "Name": "Clean glass",
      "Anim": "WORLD_HUMAN_BARTENDER_CLEAN_GLASS",
      "Type": "scenario"
    },
    {
      "Name": "Lean on the counter 1",
      "Anim": "WORLD_HUMAN_SHOPKEEPER",
      "Type": "scenario"
    },
    {
      "Name": "Lean on the counter 2",
      "Anim": "WORLD_HUMAN_SHOPKEEPER_CATALOG",
      "Type": "scenario"
    },
    {
      "Name": "Take notes",
      "Anim": "WORLD_HUMAN_WRITE_NOTEBOOK",
      "Type": "scenario"
    },
    {
      "Name": "Smoke cigar",
      "Anim": "WORLD_HUMAN_SMOKE_CIGAR",
      "Type": "scenario"
    },
    {
      "Name": "Smoke cigarette",
      "Anim": "WORLD_HUMAN_SMOKE_INTERACTION",
      "Type": "scenario"
    }
  ],

  // Emote List
  "EmotesList": [
    {
      "Name": "Greet",
      "Emote": -339257980,
      "Command": "greet"
    },
    {
      "Name": "Blow kiss",
      "Emote": 1927505461,
      "Command": "blowkiss"
    },
    {
      "Name": "Nod with crossed arms",
      "Emote": 1879954891,
      "Command": "nod2"
    },
    {
      "Name": "Follow me!",
      "Emote": 1115379199,
      "Command": "followme"
    },
    {
      "Name": "Beg",
      "Emote": 164860528,
      "Command": "beg"
    },
    {
      "Name": "Shoot into air",
      "Emote": 1939251934,
      "Command": "shootair"
    },
    {
      "Name": "Shoot forward",
      "Emote": -1639456476,
      "Command": "shoot"
    },
    {
      "Name": "Clap",
      "Emote": -221241824,
      "Command": "clap"
    },
    {
      "Name": "Disapprove",
      "Emote": 1509171361,
      "Command": "disapprove"
    },
    {
      "Name": "Threat",
      "Emote": 1256841324,
      "Command": "threaten"
    },
    {
      "Name": "Act injured",
      "Emote": -110352861,
      "Command": "injured"
    },
    {
      "Name": "Angry",
      "Emote": 796723886,
      "Command": "angry"
    },
    {
      "Name": "Victory",
      "Emote": -402959,
      "Command": "victory"
    },
    {
      "Name": "Bad smell",
      "Emote": -166523388,
      "Command": "stinks"
    },
    {
      "Name": "Approve",
      "Emote": 425751659,
      "Command": "approve"
    },
    {
      "Name": "Spit",
      "Emote": -2106738342,
      "Command": "spit"
    },
    {
      "Name": "Look into distance",
      "Emote": 935157006,
      "Command": "search"
    },
    {
      "Name": "Let's Go",
      "Emote": 1593752891,
      "Command": "letsgo"
    },
    {
      "Name": "Point 1",
      "Emote": 7918540,
      "Command": "point"
    },
    {
      "Name": "Point 2",
      "Emote": 486225122,
      "Command": "point2"
    },
    {
      "Name": "Come here",
      "Emote": 474409519,
      "Command": "come"
    },
    {
      "Name": "Fish",
      "Emote": 1159716480,
      "Command": "fish"
    },
    {
      "Name": "Flex",
      "Emote": -773960361,
      "Command": "flex"
    },
    {
      "Name": "Plot",
      "Emote": 589481092,
      "Command": "plot"
    },
    {
      "Name": "Stop",
      "Emote": -1691237868,
      "Command": "stop"
    },
    {
      "Name": "Filter",
      "Emote": 831975651,
      "Command": "filter"
    },
    {
      "Name": "Gentle wave",
      "Emote": 901097731,
      "Command": "wave"
    },
    {
      "Name": "Fancy bow",
      "Emote": -2121881035,
      "Command": "bow"
    },
    {
      "Name": "Tip hat",
      "Emote": -1457020913,
      "Command": "tiphat"
    },
    {
      "Name": "Respectful bow",
      "Emote": -1801715172,
      "Command": "bow2"
    },
    {
      "Name": "Happy to see you",
      "Emote": 523585988,
      "Command": "happy"
    },
    {
      "Name": "Taa Daa!",
      "Emote": -462132925,
      "Command": "tada"
    },
    {
      "Name": "Annoyed",
      "Emote": 1802342943,
      "Command": "annoyed"
    },
    {
      "Name": "Sick",
      "Emote": -1118911493,
      "Command": "sick"
    },
    {
      "Name": "Shut up",
      "Emote": -1644757697,
      "Command": "shutup"
    },
    {
      "Name": "Nod",
      "Emote": -822629770,
      "Command": "nod"
    },
    {
      "Name": "Point and laugh",
      "Emote": 803206066,
      "Command": "pointlaugh"
    },
    {
      "Name": "Shake head",
      "Emote": -653113914,
      "Command": "shakehead"
    },
    {
      "Name": "Slow clap",
      "Emote": 1023735814,
      "Command": "slowclap"
    },
    {
      "Name": "Who, me?",
      "Emote": 329631369,
      "Command": "who"
    },
    {
      "Name": "Yeehaw",
      "Emote": 445839715,
      "Command": "yeehaw"
    },
    {
      "Name": "Fake cry",
      "Emote": 246916594,
      "Command": "fakecry"
    },
    {
      "Name": "Sob",
      "Emote": 81347960,
      "Command": "sob"
    },
    {
      "Name": "Chicken",
      "Emote": 1825177171,
      "Command": "chicken"
    },
    {
      "Name": "Up yours",
      "Emote": 354512356,
      "Command": "upyours"
    },
    {
      "Name": "Flip off",
      "Emote": 969312568,
      "Command": "bird"
    },
    {
      "Name": "I'm watching you",
      "Emote": -553424129,
      "Command": "watchingyou"
    },
    {
      "Name": "Provoke",
      "Emote": 1533402397,
      "Command": "provoke"
    },
    {
      "Name": "War cry",
      "Emote": 987239450,
      "Command": "warcry"
    },
    {
      "Name": "Boast",
      "Emote": -1252070669,
      "Command": "boast"
    }
  ]
}
