﻿{
  "MainMenuTitle": "Character",
  "MainMenuSubTitle": "Animations, ways of walking...",
  "WalkStyleMenuTitle": "Walk",
  "WalkStyleMenuSubTitle": "Ways of walking",
  "AnimationsMenuTitle": "Animations",
  "AnimationsMenuSubTitle": "Character animations",
  "EmotesMenuTitle": "Emotes",
  "EmotesMenuSubTitle": "character emotes",
  "StopAnim": "Stop animation",
  "NotValidEmote": "is not a valid emote",
  "EmoteMenuCmd": "Do /emotemenu for a menu",
  "NotValidWalk": "is not a valid walk style"
}
